type_name,avg_height,count
ground,16.8,10
psychic,13.0,7
poison,11.67741935483871,31
fire,11.555555555555555,9
flying,11.333333333333334,12
water,11.166666666666666,18
fighting,11.166666666666666,6
grass,9.909090909090908,11
normal,8.785714285714286,14
bug,7.8,10
electric,6.0,5
